,cluster,size,percentage,avg_duration_hours,frequency_per_day,description,Cyclone_Inlet_Gas_Temp_mean,Cyclone_Inlet_Gas_Temp_std,Cyclone_Inlet_Gas_Temp_25%,Cyclone_Inlet_Gas_Temp_75%,Cyclone_Material_Temp_mean,Cyclone_Material_Temp_std,Cyclone_Material_Temp_25%,Cyclone_Material_Temp_75%,Cyclone_Outlet_Gas_draft_mean,Cyclone_Outlet_Gas_draft_std,Cyclone_Outlet_Gas_draft_25%,Cyclone_Outlet_Gas_draft_75%,Cyclone_cone_draft_mean,Cyclone_cone_draft_std,Cyclone_cone_draft_25%,Cyclone_cone_draft_75%,Cyclone_Gas_Outlet_Temp_mean,Cyclone_Gas_Outlet_Temp_std,Cyclone_Gas_Outlet_Temp_25%,Cyclone_Gas_Outlet_Temp_75%,Cyclone_Inlet_Draft_mean,Cyclone_Inlet_Draft_std,Cyclone_Inlet_Draft_25%,Cyclone_Inlet_Draft_75%
0,0,76912,26.186106845798452,0.3975229449571111,10.139896824705016,"Low Cyclone_Outlet_Gas_draft, low Cyclone_cone_draft",905.00108916684,20.25247086253982,892.15,914.78,937.582194716039,31.922316058675715,916.27,956.94,-267.10137221759936,16.40230137773649,-276.53,-255.97,-241.84815620449345,24.014305127360554,-257.44,-228.5,899.3431312408986,29.814157007510023,884.92,916.56,-211.88918114208445,14.405952227135867,-220.28,-201.85
1,1,82328,28.03008378927729,0.2108759666652372,17.739684451593988,"Low Cyclone_Gas_Outlet_Temp, low Cyclone_Material_Temp",878.365959591,16.566946132274772,868.24,887.96,903.5883964672813,43.68314463948403,887.28,925.6,-235.62663863895807,17.68531174034026,-247.085,-223.27,-218.83482379368334,19.50729800526966,-232.04,-206.55,845.4904967655615,59.28784619990626,835.65,880.08,-184.45799980360144,13.878284633680646,-193.01,-174.49
2,2,72316,24.62131400380644,0.557706304711321,12.89073086462799,"High Cyclone_Outlet_Gas_draft, high Cyclone_cone_draft",876.6162734387965,16.607141384458988,866.8,886.22,906.1920634437745,34.74354605574583,888.21,928.08,-188.52901833619114,20.156152765520844,-200.05,-179.06,-177.2764038387079,27.29733784718356,-196.38,-163.83,869.3325575253057,29.255774864490274,853.24,887.98,-152.3708953758504,15.36058999128537,-161.89,-145.77
3,3,62157,21.162495361117823,0.11964332012296752,20.53920581965719,"High Cyclone_Material_Temp, high Cyclone_Gas_Outlet_Temp",915.3341853693067,25.316889046896616,898.17,926.05,963.4090445163056,28.553272998740972,944.58,979.26,-216.15613076564182,23.36858514966854,-233.44,-201.18,-196.33832874816994,24.907424341712954,-213.99,-180.98,908.5400649967019,33.51420921944156,890.34,926.64,-170.39512926943064,17.038086789866153,-181.62,-160.87
